Brand Name,Slug,Category,Country
12 MOONS,12-moons,streetwear,
21 Borders,21-borders,streetwear,Nigeria
A Bathing Ape,a-bathing-ape,streetwear,
Antihero,antihero,streetwear,
Arif Ferdous,arif-ferdous,streetwear,UK
Avavav,avavav,streetwear,
Baye Fall Spirit,baye-fall-spirit,streetwear,Senegal
BEAMS,beams,streetwear,
BONSAI,bonsai,streetwear,USA
Cactus Jack,cactus-jack,streetwear,USA
Carhartt WIP,carhartt-wip,streetwear,United States
Cecilie Bahnsen,cecilie-bahnsen,luxury,
Chunk Clothing,chunk-clothing,streetwear,
Doomsday Co,doomsday-co,streetwear,
Dropout,dropout,streetwear,USA
Engineered Garments,engineered-garments,streetwear,USA
Fear of God ESSENTIALS,fear-of-god-essentials,luxury,
Fragment Design,fragment-design,streetwear,Japan
Girls Don't Cry,girls-dont-cry,streetwear,Japan
Heresy,heresy,streetwear,
HumanWithAttitude,humanwithattitude,streetwear,
Interludex,interludex,streetwear,United Arab Emirates
Jaded London,jaded-london,streetwear,
Kiko Kostadinov,kiko-kostadinov,luxury,
Kith,kith,streetwear,United States
LAMINAR,laminar,streetwear,
Levi's,levis,vintage,
Louis Vuitton,louis-vuitton,luxury,
Lucid Blanks,lucid-blanks,streetwear,USA
Maharishi,maharishi,streetwear,UK
Manière De Voir,maniere-de-voir,streetwear,UK
Marine Serre,marine-serre,luxury,
Martine Rose,martine-rose,luxury,
Moon Boot,moon-boot,accessories,
Neighborhood,neighborhood,streetwear,Japan
NeoRebellion,neorebellion,streetwear,USA
New Balance,new-balance,sportswear,
Nike,nike,sportswear,United States
NivelCrack,nivelcrack,streetwear,Argentina
NO/FAITH Studios,no-faith-studios,streetwear,
Noah,noah,streetwear,United States
NÖRA,nora,streetwear,United Arab Emirates
Our Legacy,our-legacy,luxury,Sweden
OVA,ova,streetwear,Singapore
Palace,palace,streetwear,United Kingdom
Patta,patta,streetwear,Netherlands
Pigalle,pigalle,streetwear,France
Pleasures,pleasures,streetwear,
Pop Trading Company,pop-trading-company,streetwear,Netherlands
Public Culture,public-culture,streetwear,United Arab Emirates
Qasimi,qasimi,luxury,United Arab Emirates
Ragtag,ragtag,vintage,Japan
Reternity,reternity,streetwear,Germany
Rhude,rhude,streetwear,USA
Ronin,ronin,streetwear,Indonesia
Sacai,sacai,luxury,Japan
Sacrifice,sacrifice,streetwear,Nigeria
Slam Jam,slam-jam,streetwear,Italy
SKIMS,skims,streetwear,
Stone Island,stone-island,luxury,Italy
Stüssy,stussy,streetwear,
Supreme,supreme,streetwear,United States
Supreme Wolf Fleece,supreme-wolf-fleece,streetwear,United States
The Hundreds,the-hundreds,streetwear,USA
The North Face,the-north-face,sportswear,United States
ThisIsNeverThat,thisisneverthat,streetwear,South Korea
True Religion,true-religion,vintage,USA
UNDERCOVER,undercover,streetwear,Japan
Unknown London,unknown-london,streetwear,UK
Wasted Youth,wasted-youth,streetwear,Japan
WhoClo,whoclo,streetwear,
WTAPS,wtaps,streetwear,Japan
