Brand Name,Slug,Category,Country,Status,Website,Instagram
#FR2,fr2,streetwear,Japan,Active,https://fr2.tokyo/,https://www.instagram.com/fxxkingrabbits/
A Bathing Ape,a-bathing-ape,streetwear,Japan,Active,https://bape.com,https://instagram.com/bape_japan
A-COLD-WALL*,a-cold-wall,luxury,United Kingdom,Active,https://www.acoldwall.com,https://instagram.com/acoldwall
Ader Error,ader-error,streetwear,South Korea,Active,https://adererror.com,https://instagram.com/ader_error
adidas,adidas,sportswear,Germany,Active,https://www.adidas.com,https://instagram.com/adidas
Aimé Leon Dore,aime-leon-dore,streetwear,United States,Active,https://www.aimeleondore.com,https://instagram.com/aimeleondore
Alien DNA,alien-dna,streetwear,Czech Republic,Active,https://aliendna.cz,https://www.instagram.com/alien_dna/
Ambush,ambush,luxury,Japan,Active,https://www.ambushdesign.com/,https://www.instagram.com/ambush_official/
Amiri,amiri,luxury,USA,Active,https://amiri.com/,https://www.instagram.com/amiri/
Anaabu,anaabu,streetwear,Malaysia,Active,https://anaabu.co,https://instagram.com/anaabu.co
Antihero,antihero,streetwear,USA,Active,https://www.antiheroskateboards.com/,https://www.instagram.com/antihero18/
Arc'teryx,arcteryx,sportswear,Canada,Active,https://arcteryx.com,https://instagram.com/arcteryx
Arif Ferdous,arif-ferdous,streetwear,UK,Active,https://arifferdous.com/,https://www.instagram.com/arifferdous.uk/
Atipici,atipici,streetwear,Italy,Active,https://www.atipicishop.com/,https://www.instagram.com/atipici/
Avavav,avavav,streetwear,Italy,Active,https://avavav.com/en-gb,https://www.instagram.com/avavav/
Baye Fall Spirit,baye-fall-spirit,streetwear,Senegal,Active,https://bayefallspirit.com,https://instagram.com/bayefallspirit
BEAMS,beams,streetwear,Japan,Active,https://www.beams.co.jp/,https://www.instagram.com/beams_official/
Billionaire Boys Club,billionaire-boys-club,streetwear,USA,Active,https://bbcicecream.com,https://instagram.com/bbcicecream
Billionaire Studios,billionaire-studios,streetwear,USA,Active,https://billionairestudiosclothing.com/,https://www.instagram.com/billionairestudios/
BONSAI,bonsai,streetwear,USA,Active,https://bonsaiclothing.com/,https://www.instagram.com/bonsaibonsai/
Born x Raised,born-x-raised,streetwear,United States,Active,https://bornxraised.com,https://instagram.com/bornxraised
Brain Dead,brain-dead,streetwear,USA,Active,https://wearebraindead.com,https://www.instagram.com/wearebraindead
C.P. Company,cp-company,luxury,Italy,Active,https://www.cpcompany.com/en-gb/,https://www.instagram.com/cpcompany/
Cactus Jack,cactus-jack,streetwear,USA,Active,https://shop.travisscott.com/,https://www.instagram.com/cactusjack/
Cactus Plant Flea Market,cactus-plant-flea-market,streetwear,USA,Active,https://cactusplantfleamarket.com/,https://www.instagram.com/cactusplantfleamarket/
Carhartt WIP,carhartt-wip,streetwear,United States,Active,https://www.carhartt-wip.com,https://www.instagram.com/carhartt/
Cecilie Bahnsen,cecilie-bahnsen,luxury,Denmark,Active,https://www.ceciliebahnsen.com/,https://www.instagram.com/ceciliebahnsen/
Chrome Hearts,chrome-hearts,luxury,USA,Active,https://www.chromeheartsusa.com/,https://www.instagram.com/chromeheartsofficial/
Chunk Clothing,chunk-clothing,streetwear,UK,Active,https://www.chunk.co.uk/,https://www.instagram.com/chunkclothing/
Clints,clints,streetwear,UK,Active,https://clints.co.uk/,https://www.instagram.com/clintsofficial/
CLSC,clsc,streetwear,USA,Active,https://clsc.com/,https://www.instagram.com/clsc/
Cole Buxton,cole-buxton,streetwear,United Kingdom,Active,https://colebuxton.com,https://instagram.com/colebuxton
Collect the Label,collect-the-label,streetwear,UK,Active,https://collectthelabel.com/,https://www.instagram.com/collectthelabel/
Comme des Garçons,comme-des-garcons,luxury,Japan,Active,https://www.comme-des-garcons.com/,https://www.instagram.com/commedesgarcons/
Corteiz,corteiz,streetwear,United Kingdom,Active,https://www.crfrwys.com/,https://www.instagram.com/corteiz/
Daily Paper,daily-paper,streetwear,Netherlands,Active,https://www.dailypaperclothing.com,https://instagram.com/dailypaper
DESTRUCTIBLE,destructible,streetwear,UK,Active,https://destructible.co/,https://www.instagram.com/destructible/
Doomsday Co,doomsday-co,streetwear,Italy,Active,https://www.doomsdaybrand.com/,https://www.instagram.com/doomsday_co/
Dover Street Market,dover-street-market,luxury,United Kingdom,Active,https://www.doverstreetmarket.com,https://instagram.com/doverstreetmarket
ESSENTIALS,essentials,streetwear,USA,Active,https://www.fearofgod.com/,https://www.instagram.com/essentials/
Fear of God,fear-of-god,luxury,USA,Active,https://fearofgod.com/,https://www.instagram.com/fearofgod/
Felt,felt,streetwear,USA,Active,https://feltarmy.com/,https://www.instagram.com/feltthatwaycrew/
FOSS,foss,streetwear,UK,Active,https://fossclothing.com/,https://www.instagram.com/foss.clothing/
FRUITION,fruition,streetwear,USA,Active,https://fruitionlv.com/,https://www.instagram.com/fruitionlv/
Golf Le Fleur,golf-le-fleur,luxury,United States,Active,https://golflefleur.com,https://instagram.com/golflefleur
Golf Wang,golf-wang,streetwear,United States,Active,https://golfwang.com,https://instagram.com/golfwang
Heresy,heresy,streetwear,UK,Active,https://www.heresy.net/,https://www.instagram.com/heresy_london/
Highsnobiety,highsnobiety,streetwear,Germany,Active,https://www.highsnobiety.com/,https://www.instagram.com/highsnobiety/
Human Made,human-made,streetwear,Japan,Active,https://humanmade.jp,https://instagram.com/humanmade
HumanWithAttitude,humanwithattitude,streetwear,Malaysia,Active,https://humanwithattitude.com,https://instagram.com/humanwithattitude
InterLudeX,interludex,streetwear,UK,Active,https://interludex.com/,https://www.instagram.com/interludex/
Jaded London,jaded-london,streetwear,UK,Active,https://jadedldn.com/,https://www.instagram.com/jadedldn/
JUICE,juice,streetwear,Hong Kong,Active,https://juicestore.com,https://instagram.com/juicestore
Kiko Kostadinov,kiko-kostadinov,luxury,UK,Active,https://kikokostadinov.com,https://www.instagram.com/kikokostadinov/
KITH,kith,streetwear,USA,Active,https://kith.com,https://instagram.com/kith
KituKali,kitukali,streetwear,Kenya,Active,https://kitukali.com,https://instagram.com/kitukali
Laminar,laminar,streetwear,UK,Active,https://laminar.store/,https://www.instagram.com/laminar.store/
Lazy Oaf,lazy-oaf,streetwear,United Kingdom,Active,https://lazyoaf.com,https://instagram.com/lazyoaf
Levi's,levis,streetwear,USA,Active,https://www.levi.com/,https://www.instagram.com/levis/
Live Fast Die Young,live-fast-die-young,streetwear,Germany,Active,https://livefastdieyoung.de,https://instagram.com/lfdy
Louis Vuitton,louis-vuitton,luxury,France,Active,https://www.louisvuitton.com/,https://www.instagram.com/louisvuitton/
M+RC NOIR,mrc-noir,streetwear,France,Active,https://mrcnoir.com,https://instagram.com/maboroshi_mrcnoir
Maha,maha,streetwear,Netherlands,Active,https://maha-amsterdam.com,https://instagram.com/maha_amsterdam
Mardi Mercredi,mardi-mercredi,streetwear,South Korea,Active,https://mardimercredi.com,https://instagram.com/mardi.mercredi.official
MKI MIYUKI ZOKU,mki-miyuki-zoku,streetwear,United Kingdom,Active,https://mki-store.com,https://instagram.com/mkimiyukizoku
Moncler,moncler,luxury,Italy,Active,https://www.moncler.com,https://instagram.com/moncler
Moon Boot,moon-boot,accessories,Italy,Active,https://www.moonboot.com/,https://www.instagram.com/moonboot/
Murakami,murakami,luxury,Japan,Active,https://gagosian.com/artists/takashi-murakami/,https://www.instagram.com/taaboroshi_murakami/
NeverEnough,neverenough,streetwear,UK,Active,https://neverenough.co.uk/,https://www.instagram.com/neverenough/
New Balance,new-balance,sneakers,USA,Active,https://www.newbalance.com/,https://www.instagram.com/newbalance/
Nike,nike,sportswear,USA,Active,https://www.nike.com/,https://www.instagram.com/nike/
NivelCrack,nivelcrack,streetwear,Brazil,Active,https://nivelcrack.com,https://instagram.com/nivelcrack
No Faith Studios,no-faith-studios,streetwear,UK,Active,https://nofaithstudios.com/,https://www.instagram.com/nofaithstudios/
Noah,noah,streetwear,USA,Active,https://noahny.com/,https://www.instagram.com/noahclothing/
Nora,nora,streetwear,USA,Active,https://noraskateboards.com/,https://www.instagram.com/nora.skateboards/
Norse Projects,norse-projects,streetwear,Denmark,Active,https://norseprojects.com,https://instagram.com/norseprojects
Off-White,off-white,luxury,Italy,Active,https://off---white.com,https://instagram.com/off___white
Only NY,only-ny,streetwear,United States,Active,https://onlyny.com,https://instagram.com/onlyny
Our Legacy,our-legacy,luxury,Sweden,Active,https://www.ourlegacy.com/,https://www.instagram.com/ourlegacy/
OVA,ova,streetwear,UK,Active,https://ovaclothing.com/,https://www.instagram.com/ova_official/
OVO,ovo,streetwear,Canada,Active,https://octobersveryown.com,https://instagram.com/welcomeovo
Palace,palace,streetwear,United Kingdom,Active,https://www.palaceskateboards.com/,https://www.instagram.com/palaceskateboards/
Patta,patta,streetwear,Netherlands,Active,https://patta.nl,https://instagram.com/paboroshi_patta
Percival,percival,streetwear,United Kingdom,Active,https://percivalclo.com,https://instagram.com/percivalclo
Pestle & Mortar Clothing,pestle-mortar-clothing,streetwear,Malaysia,Active,https://pestlemortar.com,https://instagram.com/pestlemortarclothing
PHST,phst,streetwear,UK,Active,https://phstclothing.com/,https://www.instagram.com/phst.clothing/
PIET,piet,streetwear,Brazil,Active,https://piet.com.br,https://instagram.com/piet
Pigalle,pigalle,streetwear,France,Active,https://www.pigalle.paris/,https://www.instagram.com/pigalle_paris/
Pleasures,pleasures,streetwear,USA,Active,https://pleasures.us,https://instagram.com/pleasures
Post Archive Faction,post-archive-faction,luxury,South Korea,Active,https://postarchivefaction.com,https://instagram.com/postarchivefaction
Public Culture,public-culture,streetwear,UK,Active,https://publicculture.co.uk/,https://www.instagram.com/publicculture/
Qasimi,qasimi,luxury,UK,Active,https://qasimi.com/,https://www.instagram.com/qasimi/
RAGTAG,ragtag,vintage,Japan,Active,https://www.ragtag.jp/,https://www.instagram.com/ragtag_official/
Real McCoy's,real-mccoys,vintage,Japan,Active,https://therealmccoys.jp,https://instagram.com/therealmccoys_jp
Represent,represent,streetwear,United Kingdom,Active,https://representclo.com,https://instagram.com/representclo
RETERNITY,reternity,streetwear,Germany,Active,https://reternity.co/,https://www.instagram.com/reternity/
Sacai,sacai,luxury,Japan,Active,https://www.sacai.jp/,https://www.instagram.com/sacaiofficial/
Sacrifice,sacrifice,streetwear,UK,Active,https://sacrifice.co.uk/,https://www.instagram.com/sacrifice.official/
SKIMS,skims,streetwear,USA,Active,https://skims.com/,https://www.instagram.com/skims/
Slam Jam,slam-jam,streetwear,Italy,Active,https://slamjam.com,https://instagram.com/slamjam
Stone Island,stone-island,luxury,Italy,Active,https://www.stoneisland.com/,https://www.instagram.com/stoneisland/
Stüssy,stussy,streetwear,USA,Active,https://www.stussy.com/,https://www.instagram.com/stussy/
Supreme,supreme,streetwear,USA,Active,https://www.supremenewyork.com/,https://www.instagram.com/supremenewyork/
SWE,swe,streetwear,Sweden,Active,https://swewear.com/,https://www.instagram.com/swe.wear/
The Hive Clothing,the-hive-clothing,streetwear,Poland,Active,https://thehive.pl,https://instagram.com/thehiveclothing
The North Face,the-north-face,sportswear,United States,Active,https://www.thenorthface.com,https://instagram.com/thenorthface
The Quiet Life,the-quiet-life,streetwear,United States,Active,https://thequietlife.com,https://instagram.com/thequietlife
thisisneverthat,thisisneverthat,streetwear,South Korea,Active,https://thisisneverthat.com/,https://www.instagram.com/thisisneverthat/
Tony Delfino,tony-delfino,streetwear,Italy,Active,https://tonydelfino.it/,https://www.instagram.com/tonydelfino/
Trapstar,trapstar,streetwear,United Kingdom,Active,https://trapstar.co.uk,https://instagram.com/trapstar
Triads,triads,streetwear,UK,Active,https://triads.co.uk/,https://www.instagram.com/triads/
True Religion,true-religion,streetwear,USA,Active,https://www.truereligion.com/,https://www.instagram.com/truereligion/
Twelve Moons,twelve-moons,streetwear,South Korea,Active,https://12-moons.com,https://instagram.com/12_moons_official
Twenty One Borders,twenty-one-borders,streetwear,Japan,Active,https://21borders.jp,https://instagram.com/21borders
UNDERCOVER,undercover,luxury,Japan,Active,https://undercoverism.com,https://instagram.com/undercover_lab
Unlimited Legacy,unlimited-legacy,streetwear,UK,Active,https://unlimitedlegacy.com/,https://www.instagram.com/unlimitedlegacy/
VELD,veld,streetwear,UK,Active,https://veldstore.com/,https://www.instagram.com/veld.store/
Wacko Maria,wacko-maria,streetwear,Japan,Active,https://wackomaria.co.jp,https://instagram.com/wackomaria_guiltyparties
Wasted Paris,wasted-paris,streetwear,France,Active,https://wastedparis.com,https://instagram.com/wasted_paris
Wax London,wax-london,streetwear,United Kingdom,Active,https://waxlondon.com,https://instagram.com/waxlondon
WHOCLO,whoclo,streetwear,UK,Active,https://whoclo.com/,https://www.instagram.com/whoclo/
WOOD WOOD,wood-wood,streetwear,Denmark,Active,https://woodwood.com,https://instagram.com/woodwood
WTAPS,wtaps,streetwear,Japan,Active,https://wtaps.com,https://instagram.com/wtaps_tokyo
XLARGE,xlarge,streetwear,United States,Active,https://xlarge.jp,https://instagram.com/xlarge
